first_name,last_name,email,password,account_created,account_updated
john,doe,john.doe@example.com,abc123,2023-10-02T05:19:19.461Z,2023-10-02T05:19:19.461Z
jane,doe,jane.doe@example.com,xyz456,2023-10-02T05:19:19.461Z,2023-10-02T05:19:19.461Z
asd,das,dsa.asd@gmail.com,dasd423,2023-10-02T05:19:19.461Z,2023-10-02T05:19:19.461Z
john,doe,john.doe@example.com,abc123,2023-10-02T05:19:19.461Z,2023-10-02T05:19:19.461Z
jane,doe,jane.doe@example.com,xyz456,2023-10-02T05:19:19.461Z,2023-10-02T05:19:19.461Z
asd,das,dsa.asd@gmail.com,dasd423,2023-10-02T05:19:19.461Z,2023-10-02T05:19:19.461Z
sada,dsa,dsaad.asd@gmail.com,dasd423,2023-10-02T05:19:19.461Z,2023-10-02T05:19:19.461Z
